321203,1,6.00,-28.00,-2.03,-3.47,-2.35,-3.27,6.2226,0.1171,0.020,-0.039
321253,1,6.00,-28.00,-1.59,-4.61,-3.48,-4.97,6.1986,0.0906,0.067,-0.041
321303,1,0.00,-27.00,-0.97,-4.60,-0.09,-5.46,6.1933,0.0726,0.060,-0.033
321353,1,-12.00,-23.00,1.20,-4.32,-0.58,-3.66,6.1908,0.0401,0.062,-0.033
321403,1,-17.00,-18.00,2.24,-3.81,1.40,-3.75,6.1915,0.0268,0.072,-0.038
321453,1,-20.00,-16.00,3.36,-3.11,2.75,-3.42,6.2103,0.0029,0.064,-0.041
321503,1,-19.00,-19.00,3.72,-3.16,4.00,-2.62,6.2218,6.2759,0.060,-0.044
321553,1,-11.00,-26.00,3.20,-3.89,3.33,-3.20,6.2491,6.2546,0.058,-0.049
321603,1,-4.00,-30.00,2.29,-4.38,3.81,-4.03,6.2606,6.2422,0.054,-0.053
321653,1,8.00,-36.00,0.00,-5.37,1.83,-4.67,6.2805,6.2103,0.027,-0.054
321703,1,22.00,-37.00,-2.00,-5.74,0.00,-5.52,0.0020,6.1741,0.011,-0.054
321753,1,24.00,-38.00,-3.35,-6.03,-1.56,-5.65,0.0003,6.1520,-0.015,-0.051
321803,1,26.00,-38.00,-4.98,-6.26,-4.21,-5.80,6.2690,6.1085,-0.054,-0.042
321853,1,27.00,-36.00,-5.42,-6.21,-4.91,-6.81,6.2512,6.0838,-0.057,-0.035
321903,1,19.00,-32.00,-4.94,-5.75,-5.49,-5.13,6.2142,6.0454,-0.054,-0.049
321953,1,17.00,-30.00,-4.49,-5.49,-4.49,-6.16,6.1957,6.0234,-0.059,-0.050
322003,1,11.00,-29.00,-4.49,-5.49,-4.49,-6.16,6.1957,6.0234,-0.059,-0.050
322053,1,1.00,-30.00,-2.05,-5.28,-2.93,-4.43,6.1561,5.9689,-0.072,-0.064
322103,1,-1.00,-34.00,-1.17,-5.48,-1.34,-4.97,6.1480,5.9528,-0.068,-0.070
322153,1,-4.00,-38.00,0.00,-6.03,0.00,-6.07,6.1469,5.9100,-0.078,-0.059
322203,1,-4.00,-40.00,0.00,-6.34,0.98,-5.89,6.1470,5.8905,-0.078,-0.066
322253,1,-2.00,-38.00,0.00,-6.46,0.27,-7.29,6.1482,5.8406,-0.087,-0.047
322303,1,-3.00,-39.00,0.00,-6.53,0.00,-6.04,6.1484,5.8172,-0.085,-0.045
322353,1,0.00,-35.00,0.00,-2.89,-0.06,-6.29,6.1499,5.7726,-0.091,-0.048
322403,1,1.00,-32.00,0.00,0.00,0.00,-2.90,6.1503,5.7626,-0.091,-0.046
322453,1,3.00,-29.00,0.00,0.00,0.00,0.00,6.1505,5.7610,-0.092,-0.041
322503,1,3.00,-31.00,0.00,0.00,0.00,0.00,6.1507,5.7609,-0.093,-0.040
322553,1,4.00,-44.00,0.00,0.00,0.00,0.00,6.1515,5.7609,-0.096,-0.040
322603,1,5.00,-53.00,-0.80,0.00,1.80,0.00,6.1553,5.7607,-0.113,-0.039
322653,1,11.00,-69.00,-1.60,0.00,0.00,0.00,6.1574,5.7605,-0.144,-0.038
322703,1,16.00,-77.00,-2.40,0.00,-0.82,0.00,6.1545,5.7605,-0.154,-0.038
322753,1,11.00,-86.00,-2.60,0.00,-1.53,0.00,6.1509,5.7605,-0.175,-0.038
322803,1,9.00,-87.00,-2.36,0.00,-4.12,0.00,6.1323,5.7605,-0.162,-0.038
322853,1,5.00,-81.00,-1.70,0.00,-1.65,0.00,6.1127,5.7605,-0.151,-0.038
322903,1,1.00,-81.00,-1.12,0.00,-2.08,0.00,6.1072,5.7605,-0.150,-0.038
322953,1,-3.00,-73.00,0.00,0.00,0.00,0.00,6.0993,5.7605,-0.137,-0.038
323003,1,-7.00,-69.00,0.00,0.00,0.00,0.00,6.0991,5.7605,-0.136,-0.039
323053,1,-8.00,-61.00,1.35,0.00,0.00,0.00,6.0991,5.7605,-0.121,-0.038
323103,1,-9.00,-57.00,1.62,0.00,1.53,0.00,6.1010,5.7605,-0.110,-0.038
323153,1,-10.00,-48.00,1.97,0.00,-0.06,0.00,6.1035,5.7605,-0.074,-0.038
323203,1,-11.00,-41.00,2.18,0.00,1.56,0.00,6.1052,5.7605,-0.054,-0.038
323253,1,-14.00,-23.00,2.71,0.00,2.20,0.00,6.1160,5.7605,-0.037,-0.039
323303,1,-17.00,-15.00,3.17,0.00,2.47,0.00,6.1246,5.7605,-0.037,-0.038
323353,1,-20.00,0.00,3.93,0.00,3.36,0.00,6.1495,5.7605,-0.032,-0.039
323403,1,-16.00,11.00,3.79,0.00,2.87,1.43,6.1601,5.7607,-0.019,-0.039
323453,1,-11.00,28.00,3.12,2.59,3.75,0.00,6.1785,5.7609,0.008,-0.021
323503,1,-5.00,38.00,2.33,4.09,3.51,2.87,6.1913,5.7653,0.000,-0.006
323553,1,-2.00,49.00,1.61,5.59,1.80,3.51,6.2000,5.7764,0.002,0.007
323603,1,8.00,62.00,0.00,8.59,1.62,6.32,6.2084,5.8284,0.006,0.016
323653,1,9.00,61.00,0.00,8.59,1.62,6.32,6.2084,5.8284,0.006,0.016
323703,1,12.00,55.00,-1.26,8.92,0.00,8.33,6.2113,5.8970,-0.003,-0.005
323753,1,8.00,41.00,-1.64,7.95,-1.10,8.27,6.2061,5.9618,-0.021,-0.012
323803,1,8.00,34.00,-1.70,7.08,-1.56,6.81,6.2009,5.9856,-0.022,0.005
323853,1,3.00,24.00,-1.16,5.32,-2.08,6.32,6.1842,6.0328,-0.002,0.003
323903,1,1.00,22.00,-0.80,4.68,-1.16,4.76,6.1783,6.0494,0.006,0.012
323953,1,-5.00,19.00,0.00,3.75,0.00,4.03,6.1720,6.0792,0.017,0.017
324003,1,-4.00,19.00,0.00,3.54,0.00,3.69,6.1716,6.0926,0.019,0.013
324053,1,-7.00,19.00,1.14,3.34,0.00,3.11,6.1704,6.1189,0.036,0.008
324103,1,-6.00,20.00,1.22,3.37,0.49,3.81,6.1718,6.1307,0.047,0.005
324153,1,-6.00,22.00,1.18,3.45,1.16,3.75,6.1731,6.1447,0.054,-0.001
324203,1,-5.00,23.00,1.16,3.63,0.00,3.45,6.1752,6.1702,0.078,-0.006
324253,1,-2.00,26.00,0.82,4.10,0.24,3.75,6.1775,6.1969,0.097,-0.005
324303,1,-6.00,29.00,1.05,4.43,0.24,4.49,6.1808,6.2134,0.098,-0.008
324353,1,-2.00,29.00,0.72,4.63,0.52,4.46,6.1833,6.2278,0.098,-0.010
324403,1,1.00,25.00,0.00,4.48,0.27,4.33,6.1888,6.2606,0.097,-0.002
324453,1,4.00,24.00,0.00,4.26,0.00,4.52,6.1879,0.0075,0.101,0.002
324503,1,5.00,24.00,-0.74,4.19,-0.03,4.39,6.1871,0.0221,0.105,0.003
324553,1,8.00,23.00,-0.97,4.15,0.03,4.00,6.1862,0.0359,0.096,0.007
324603,1,10.00,22.00,-1.48,3.98,-1.65,4.33,6.1794,0.0636,0.097,0.012
324653,1,11.00,23.00,-1.88,3.95,-1.65,4.91,6.1745,0.0799,0.096,0.002
324703,1,9.00,21.00,-2.18,3.75,-2.56,3.66,6.1605,0.1121,0.092,-0.006
324753,1,9.00,19.00,-2.13,3.54,-2.41,3.72,6.1513,0.1242,0.099,-0.002
324803,1,5.00,15.00,-1.61,2.99,-1.89,3.33,6.1359,0.1499,0.103,-0.008
324853,1,4.00,15.00,-1.35,2.81,-1.46,3.17,6.1281,0.1610,0.111,-0.012
324903,1,-1.00,17.00,0.00,2.82,-0.34,2.66,6.1166,0.1819,0.123,-0.014
324953,1,-4.00,15.00,0.00,2.71,0.00,2.26,6.1162,0.1905,0.126,-0.010
325003,1,-8.00,9.00,1.11,2.15,0.00,2.47,6.1166,0.2070,0.125,-0.003
325053,1,-9.00,8.00,1.46,1.84,0.00,2.04,6.1171,0.2141,0.139,-0.002
325103,1,-9.00,-1.00,1.87,0.71,2.01,1.37,6.1263,0.2252,0.143,-0.001
325153,1,-9.00,-5.00,1.93,0.00,1.80,0.00,6.1325,0.2273,0.146,0.000
325203,1,-8.00,-15.00,1.91,-1.40,1.92,0.00,6.1415,0.2273,0.161,-0.009
325253,1,-6.00,-18.00,1.70,-2.07,3.17,-1.40,6.1526,0.2246,0.140,-0.018
325303,1,-6.00,-28.00,1.58,-3.15,1.95,-1.46,6.1689,0.2143,0.127,-0.031
325353,1,-2.00,-33.00,1.14,-4.14,1.80,-2.87,6.1754,0.2043,0.123,-0.037
325403,1,-1.00,-36.00,0.76,-5.37,0.00,-4.30,6.1812,0.1773,0.134,-0.053
325453,1,-1.00,-37.00,0.00,-5.74,1.68,-6.13,6.1854,0.1579,0.123,-0.048
325503,1,-3.00,-32.00,0.00,-5.63,0.00,-5.34,6.1904,0.1159,0.106,-0.044
325553,1,-4.00,-29.00,0.78,-5.35,0.00,-6.10,6.1910,0.0973,0.104,-0.045
325603,1,-6.00,-23.00,1.13,-4.46,1.89,-4.88,6.1990,0.0569,0.095,-0.028
325653,1,-8.00,-22.00,1.40,-4.17,1.71,-4.03,6.2046,0.0430,0.089,-0.034
325703,1,-5.00,-17.00,1.33,-3.35,2.14,-3.63,6.2143,0.0171,0.091,-0.039
325753,1,-6.00,-16.00,1.35,-3.10,1.77,-3.36,6.2209,0.0058,0.082,-0.040
325803,1,-4.00,-17.00,1.18,-2.92,1.83,-2.17,6.2341,6.2686,0.069,-0.044
325853,1,-3.00,-18.00,0.99,-2.98,0.79,-2.41,6.2395,6.2596,0.063,-0.047
325903,1,-1.00,-26.00,0.00,-3.78,1.65,-3.72,6.2475,6.2395,0.043,-0.054
325953,1,-2.00,-32.00,0.00,-4.45,0.89,-3.51,6.2535,6.2270,0.021,-0.055
326003,1,2.00,-46.00,0.00,-6.29,1.28,-4.85,6.2604,6.1936,-0.004,-0.055
326053,1,0.00,-51.00,0.00,-7.25,0.00,-6.47,6.2613,6.1725,-0.004,-0.057
326103,1,-2.00,-58.00,0.00,-8.84,0.15,-8.70,6.2627,6.1162,-0.011,-0.045
326153,1,-3.00,-55.00,0.00,-9.04,0.00,-9.55,6.2631,6.0841,-0.011,-0.036
326203,1,-3.00,-45.00,0.00,-8.96,0.06,-8.03,6.2636,6.0493,-0.012,-0.047
326253,1,-3.00,-38.00,0.00,-7.95,0.00,-8.27,6.2650,5.9940,-0.017,-0.053
326303,1,-3.00,-24.00,0.00,-5.75,-0.03,-7.05,6.2673,5.9461,-0.027,-0.068
326353,1,-1.00,-18.00,0.00,-4.67,0.06,-5.71,6.2684,5.9258,-0.030,-0.061
326403,1,0.00,-10.00,0.00,-2.93,-0.03,-3.17,6.2705,5.8958,-0.038,-0.063
326453,1,0.00,-6.00,0.00,-1.87,0.00,-2.23,6.2713,5.8780,-0.042,-0.063
326503,1,-1.00,-7.00,0.00,-1.60,0.00,-1.89,6.2719,5.8705,-0.043,-0.058
326553,1,0.00,-11.00,0.00,-1.65,0.00,-1.59,6.2740,5.8586,-0.051,-0.054
326603,1,0.00,-12.00,0.00,-1.65,0.00,-1.59,6.2740,5.8586,-0.051,-0.054
326653,1,1.00,-20.00,0.00,-2.61,1.10,-2.38,6.2780,5.8377,-0.069,-0.045
326703,1,2.00,-25.00,0.00,-3.27,-0.03,-2.01,6.2801,5.8284,-0.074,-0.046
326753,1,2.00,-30.00,0.00,-3.87,0.00,-3.02,6.2807,5.8190,-0.077,-0.048
326803,1,3.00,-33.00,0.00,-4.57,-0.06,-3.88,0.0003,5.7925,-0.087,-0.047
326853,1,4.00,-35.00,0.00,0.00,-0.03,-2.72,0.0018,5.7678,-0.093,-0.049
326903,1,4.00,-33.00,-0.75,0.00,0.00,0.00,0.0027,5.7666,-0.096,-0.043
326953,1,7.00,-32.00,-1.32,0.00,0.00,0.00,0.0020,5.7666,-0.120,-0.043
327003,1,8.00,-37.00,-1.51,0.00,-0.95,0.00,0.0012,5.7666,-0.134,-0.044
327053,1,8.00,-45.00,-1.75,0.00,-1.62,0.00,6.2760,5.7666,-0.143,-0.044
327103,1,6.00,-48.00,-1.56,0.00,-1.95,0.00,6.2677,5.7664,-0.151,-0.043
327153,1,8.00,-53.00,-1.67,0.00,0.06,0.00,6.2629,5.7664,-0.160,-0.043
327203,1,4.00,-65.00,-1.26,0.00,-1.98,0.00,6.2584,5.7664,-0.177,-0.043
327253,1,6.00,-68.00,-1.32,0.00,-1.10,0.00,6.2529,5.7664,-0.173,-0.043
327303,1,3.00,-72.00,-1.21,0.00,-1.16,0.00,6.2418,5.7664,-0.168,-0.043
327353,1,4.00,-73.00,-1.12,0.00,-0.06,0.00,6.2399,5.7664,-0.180,-0.043
327403,1,1.00,-76.00,0.00,0.00,-1.22,0.00,6.2343,5.7662,-0.179,-0.042
327453,1,5.00,-78.00,-0.78,0.00,0.00,0.00,6.2322,5.7662,-0.172,-0.042
327503,1,7.00,-75.00,-1.22,0.00,-1.16,0.00,6.2270,5.7662,-0.172,-0.042
327553,1,8.00,-72.00,-1.45,0.00,-2.14,0.00,6.2195,5.7662,-0.160,-0.042
327603,1,5.00,-62.00,-1.35,0.00,-1.98,0.00,6.2065,5.7662,-0.151,-0.042
327653,1,3.00,-58.00,-1.09,0.00,-1.77,0.00,6.2015,5.7662,-0.151,-0.042
327703,1,2.00,-50.00,0.00,0.00,-1.16,0.00,6.1915,5.7662,-0.123,-0.043
327753,1,1.00,-49.00,0.00,0.00,0.00,0.00,6.1906,5.7662,-0.122,-0.042
327803,1,3.00,-44.00,0.00,0.00,0.00,0.00,6.1906,5.7662,-0.123,-0.042
327853,1,5.00,-42.00,-0.78,0.00,0.00,0.00,6.1910,5.7662,-0.124,-0.042
327903,1,5.00,-40.00,-0.94,0.00,-1.34,0.00,6.1896,5.7662,-0.138,-0.043
327953,1,5.00,-38.00,-1.01,0.00,-1.80,0.00,6.1858,5.7662,-0.136,-0.042
328003,1,0.00,-31.00,0.00,0.00,-1.37,0.00,6.1735,5.7662,-0.117,-0.042
328053,1,-4.00,-19.00,0.00,0.00,-0.21,0.00,6.1701,5.7662,-0.099,-0.042
328103,1,-3.00,-13.00,0.00,0.00,-1.50,0.00,6.1679,5.7662,-0.094,-0.042
328153,1,-1.00,0.00,0.00,0.00,0.00,-1.31,6.1641,5.7655,-0.080,-0.036
328203,1,-1.00,4.00,0.00,0.00,0.00,-1.31,6.1641,5.7655,-0.080,-0.036
328253,1,-2.00,9.00,0.00,0.40,0.00,0.00,6.1643,5.7655,-0.081,-0.039
328303,1,-1.00,11.00,0.00,0.99,0.00,0.00,6.1645,5.7655,-0.081,-0.034
328353,1,-4.00,12.00,0.00,1.62,0.00,2.11,6.1645,5.7674,-0.081,-0.013
328403,1,-4.00,15.00,0.72,2.00,0.00,1.77,6.1645,5.7701,-0.081,0.001
328453,1,-4.00,27.00,0.88,3.42,-0.76,2.17,6.1633,5.7846,-0.050,0.007
328503,1,-4.00,33.00,0.89,4.30,0.00,3.60,6.1633,5.7963,-0.043,0.006
328553,1,-4.00,39.00,0.89,5.24,0.00,4.06,6.1633,5.8111,-0.031,0.008
328603,1,-4.00,46.00,0.80,6.77,0.00,7.42,6.1643,5.8548,-0.012,0.006
328653,1,-4.00,46.00,0.85,7.19,-0.06,7.75,6.1653,5.8822,-0.005,-0.007
328703,1,-3.00,37.00,0.88,7.24,0.34,6.59,6.1687,5.9095,-0.009,0.002
328753,1,-2.00,28.00,0.88,7.24,0.34,6.59,6.1687,5.9095,-0.009,0.002
328803,1,0.00,20.00,0.00,5.74,0.37,6.84,6.1741,5.9915,0.008,0.005
328853,1,-2.00,11.00,0.00,3.36,0.00,3.94,6.1735,6.0270,0.010,0.005
328903,1,-3.00,8.00,0.00,2.56,0.00,3.11,6.1733,6.0381,0.011,0.007
328953,1,-7.00,2.00,1.08,1.30,-0.06,2.04,6.1739,6.0517,0.019,0.014
329003,1,-8.00,1.00,1.37,0.85,1.74,1.46,6.1775,6.0558,0.019,0.017
329053,1,-11.00,-2.00,1.97,0.00,1.50,0.00,6.1883,6.0592,0.018,0.021
329103,1,-10.00,-1.00,2.08,0.00,1.95,0.00,6.1950,6.0592,0.018,0.019
329153,1,-8.00,2.00,1.86,0.00,1.43,0.00,6.2057,6.0594,0.030,0.019
329203,1,-4.00,5.00,1.49,0.38,2.29,0.00,6.2124,6.0594,0.027,0.018
329253,1,2.00,13.00,0.00,1.35,0.52,1.13,6.2247,6.0642,0.014,0.014
329303,1,6.00,17.00,0.00,1.97,0.00,1.62,6.2249,6.0686,0.013,0.018
329353,1,10.00,24.00,-1.38,3.24,0.06,3.11,6.2237,6.0853,0.005,0.014
329403,1,14.00,29.00,-2.09,3.92,-1.46,3.75,6.2199,6.0970,0.002,0.012
329453,1,21.00,36.00,-3.56,5.21,-2.75,4.97,6.2067,6.1281,-0.009,0.008
329503,1,21.00,40.00,-4.02,5.85,-4.67,6.10,6.1925,6.1478,0.000,-0.001
329553,1,19.00,41.00,-4.30,6.57,-4.82,6.13,6.1589,6.1921,0.016,-0.004
329603,1,13.00,39.00,-3.74,6.59,-4.76,6.87,6.1426,6.2149,0.022,-0.008
329653,1,-3.00,35.00,-1.37,6.30,-2.59,5.95,6.1152,6.2598,0.040,-0.002
329703,1,-12.00,33.00,0.00,6.02,-1.98,6.35,6.1081,6.2799,0.049,0.003
329753,1,-26.00,32.00,3.52,5.65,0.70,5.40,6.1047,0.0374,0.086,0.007
329803,1,-29.00,31.00,4.70,5.50,2.29,5.10,6.1100,0.0546,0.113,0.015
329853,1,-32.00,29.00,6.34,5.17,6.29,5.95,6.1426,0.0973,0.122,-0.007
329903,1,-32.00,25.00,6.66,4.80,6.26,4.79,6.1653,0.1161,0.119,-0.006
329953,1,-18.00,18.00,5.43,3.85,6.90,4.33,6.2124,0.1497,0.119,-0.010
330003,1,-12.00,13.00,5.43,3.85,6.90,4.33,6.2124,0.1497,0.119,-0.010
330053,1,5.00,7.00,1.74,2.30,4.00,2.47,6.2646,0.1880,0.114,-0.012
330103,1,14.00,6.00,0.00,1.79,1.34,2.35,6.2738,0.1949,0.101,-0.009
330153,1,24.00,2.00,-3.21,0.86,-0.46,1.43,6.2728,0.2041,0.083,-0.003
330203,1,30.00,1.00,-4.62,0.58,-3.39,0.12,6.2621,0.2080,0.066,-0.003
330253,1,26.00,2.00,-5.49,0.35,-5.86,0.27,6.2274,0.2112,0.067,-0.002
330303,1,21.00,4.00,-5.17,0.48,-5.77,0.06,6.2088,0.2124,0.067,-0.004
330353,1,15.00,8.00,-4.44,0.84,-6.68,-0.03,6.1827,0.2139,0.087,-0.001
330403,1,-3.00,19.00,-1.77,2.09,-3.54,1.31,6.1409,0.2208,0.138,-0.001
330453,1,-12.00,27.00,0.00,3.10,-0.73,2.32,6.1344,0.2275,0.139,0.000
330503,1,-28.00,42.00,2.00,4.18,1.56,3.27,6.1350,0.2392,0.138,0.002
330553,1,-26.00,46.00,3.54,5.64,1.83,3.57,6.1380,0.2645,0.176,0.010
330603,1,-23.00,49.00,4.66,7.32,3.75,7.17,6.1580,0.3050,0.206,0.016
330653,1,-21.00,47.00,4.69,7.59,4.82,8.06,6.1725,0.3324,0.208,0.009
330703,1,-12.00,37.00,3.58,7.04,5.10,7.69,6.2122,0.3907,0.175,-0.008
330753,1,-7.00,28.00,2.79,6.12,3.42,7.23,6.2272,0.4164,0.167,-0.014
330803,1,7.00,7.00,0.00,3.36,0.15,4.58,6.2399,0.4553,0.180,-0.013
330853,1,11.00,-2.00,-0.81,1.87,0.00,3.08,6.2406,0.4660,0.175,-0.013
330903,1,16.00,-14.00,-2.53,-0.69,-0.52,0.00,6.2379,0.4745,0.149,-0.010
330953,1,14.00,-18.00,-2.76,-1.64,-1.95,0.00,6.2335,0.4739,0.139,-0.020
331003,1,12.00,-22.00,-3.01,-2.35,-2.41,-0.64,6.2236,0.4703,0.130,-0.031
331053,1,5.00,-23.00,-1.97,-3.31,-2.66,-2.26,6.1982,0.4499,0.125,-0.048
331103,1,-1.00,-21.00,-1.11,-3.41,-2.50,-3.36,6.1902,0.4390,0.132,-0.048
331153,1,-8.00,-17.00,0.00,-3.20,0.00,-3.66,6.1825,0.4164,0.146,-0.050
331203,1,-14.00,-15.00,0.00,-3.20,0.00,-3.66,6.1825,0.4164,0.146,-0.050
331253,1,-17.00,-14.00,2.56,-2.63,0.89,-3.27,6.1865,0.3836,0.157,-0.042
331303,1,-15.00,-12.00,2.87,-2.39,2.11,-2.78,6.1923,0.3748,0.165,-0.040
331353,1,-17.00,-10.00,3.16,-2.11,3.27,-2.69,6.2032,0.3654,0.160,-0.036
331403,1,-15.00,-11.00,3.25,-2.02,3.17,-1.86,6.2257,0.3498,0.155,-0.031
331453,1,-10.00,-11.00,2.84,-1.84,3.39,-2.11,6.2471,0.3362,0.158,-0.030
331503,1,-2.00,-15.00,2.26,-1.99,4.12,-2.11,6.2592,0.3299,0.146,-0.028
331553,1,1.00,-18.00,1.29,-2.42,2.29,-1.95,6.2805,0.3151,0.125,-0.024
331603,1,9.00,-25.00,0.00,-3.47,0.00,-2.87,0.0066,0.2967,0.106,-0.023
331653,1,10.00,-30.00,-1.23,-4.13,0.00,-2.90,0.0068,0.2852,0.105,-0.026
331703,1,8.00,-34.00,-1.73,-5.07,-1.31,-3.94,0.0035,0.2588,0.079,-0.038
331753,1,5.00,-36.00,-1.49,-5.49,-0.27,-5.19,0.0013,0.2442,0.067,-0.040
331803,1,3.00,-38.00,-1.14,-6.03,-1.25,-5.28,6.2795,0.2072,0.047,-0.045
331853,1,2.00,-39.00,-0.87,-6.27,0.00,-5.37,6.2790,0.1899,0.037,-0.057
331903,1,-6.00,-42.00,0.00,-6.79,0.00,-6.99,6.2788,0.1445,0.029,-0.049
331953,1,-8.00,-47.00,0.94,-7.27,0.76,-6.56,6.2803,0.1209,0.019,-0.049
332003,1,-9.00,-47.00,1.57,-7.69,0.58,-8.48,0.0000,0.0676,0.038,-0.032
332053,1,-8.00,-39.00,1.77,-7.21,1.25,-7.57,0.0085,0.0169,0.048,-0.042
332103,1,-7.00,-32.00,1.69,-6.50,1.56,-7.26,0.0143,6.2763,0.047,-0.044
332153,1,-4.00,-21.00,1.36,-4.78,1.86,-5.37,0.0287,6.2377,0.039,-0.055
332203,1,-4.00,-16.00,1.36,-4.78,1.86,-5.37,0.0287,6.2377,0.039,-0.055
332253,1,-1.00,-12.00,0.82,-3.10,2.04,-3.57,0.0448,6.1946,0.024,-0.056
332303,1,-2.00,-14.00,0.82,-3.10,2.04,-3.57,0.0448,6.1946,0.024,-0.056
332353,1,1.00,-13.00,0.00,-2.49,1.56,-2.84,0.0546,6.1637,0.009,-0.052
332403,1,4.00,-12.00,0.00,-2.24,0.00,-2.14,0.0549,6.1474,0.008,-0.051
332453,1,4.00,-13.00,0.00,-2.23,-0.03,-2.69,0.0563,6.1386,0.003,-0.046
332503,1,4.00,-13.00,-0.78,-2.22,0.00,-1.19,0.0570,6.1231,-0.010,-0.045
332553,1,3.00,-14.00,-0.73,-2.28,0.00,-2.62,0.0569,6.1158,-0.020,-0.045
332603,1,2.00,-15.00,-0.71,-2.45,-0.58,-1.92,0.0563,6.0997,-0.034,-0.041
332653,1,1.00,-17.00,0.00,-2.63,0.03,-2.53,0.0538,6.0905,-0.036,-0.037
332703,1,1.00,-18.00,0.00,-2.87,0.00,-2.44,0.0534,6.0728,-0.032,-0.039
332753,1,-2.00,-19.00,0.00,-3.01,-0.06,-3.05,0.0540,6.0636,-0.035,-0.041
332803,1,-5.00,-21.00,0.00,-3.29,0.00,-2.50,0.0549,6.0462,-0.038,-0.052
332853,1,-6.00,-26.00,1.02,-3.93,0.00,-4.00,0.0578,6.0234,-0.036,-0.054
332903,1,-6.00,-27.00,1.15,-4.20,1.37,-3.78,0.0597,6.0101,-0.031,-0.056
332953,1,-6.00,-28.00,1.28,-4.56,1.77,-4.24,0.0695,5.9819,-0.040,-0.060
333003,1,-3.00,-24.00,1.04,-4.36,0.34,-3.91,0.0728,5.9689,-0.035,-0.069
333053,1,-1.00,-20.00,0.00,-3.87,2.08,-4.49,0.0801,5.9411,-0.045,-0.068
333103,1,0.00,-18.00,0.00,-3.54,0.85,-4.15,0.0858,5.9281,-0.063,-0.067
333153,1,2.00,-14.00,0.00,-2.92,0.00,-2.87,0.0868,5.9041,-0.066,-0.063
333203,1,6.00,-9.00,-0.90,-2.15,0.00,-2.78,0.0868,5.8866,-0.066,-0.066
333253,1,6.00,-7.00,-1.06,-1.76,0.03,-2.56,0.0858,5.8786,-0.077,-0.063
333303,1,2.00,-4.00,-0.83,-1.19,-0.24,-1.43,0.0841,5.8661,-0.094,-0.057
333353,1,2.00,-4.00,-0.68,-0.99,0.06,-0.52,0.0827,5.8617,-0.102,-0.057
333403,1,0.00,-5.00,0.00,-0.86,0.00,-1.50,0.0806,5.8552,-0.100,-0.053
333453,1,0.00,-7.00,0.00,-0.99,0.00,-1.16,0.0804,5.8512,-0.099,-0.048
333503,1,0.00,-8.00,0.00,-1.14,0.00,-0.76,0.0804,5.8475,-0.100,-0.051
333553,1,2.00,-10.00,0.00,-1.37,0.00,-1.16,0.0804,5.8397,-0.099,-0.048
333603,1,2.00,-11.00,0.00,-1.69,0.00,-1.68,0.0804,5.8293,-0.099,-0.047
333653,1,3.00,-14.00,0.00,-2.05,0.00,-2.14,0.0808,5.8182,-0.101,-0.049
333703,1,3.00,-14.00,0.00,-2.18,0.00,-1.40,0.0810,5.8121,-0.101,-0.051
333753,1,0.00,-12.00,0.00,-2.17,0.00,-2.29,0.0810,5.7965,-0.101,-0.049
333803,1,0.00,-11.00,0.00,-2.05,0.00,-2.26,0.0810,5.7879,-0.101,-0.045
333853,1,-3.00,-7.00,0.00,-0.78,0.00,-2.17,0.0810,5.7754,-0.102,-0.048
333903,1,-5.00,-3.00,0.00,0.00,0.00,0.06,0.0810,5.7737,-0.101,-0.051
333953,1,-4.00,-2.00,0.86,0.00,0.76,0.00,0.0822,5.7737,-0.092,-0.050
334003,1,-7.00,-3.00,1.15,0.00,1.50,0.00,0.0845,5.7737,-0.092,-0.050
334053,1,-6.00,-10.00,1.38,0.00,1.13,0.00,0.0904,5.7735,-0.083,-0.049
334103,1,-4.00,-15.00,1.19,0.00,1.56,0.00,0.0990,5.7735,-0.080,-0.048
334153,1,-3.00,-17.00,0.99,0.00,0.46,0.00,0.1029,5.7735,-0.082,-0.049
334203,1,1.00,-20.00,0.00,0.00,1.46,0.00,0.1098,5.7735,-0.097,-0.048
334253,1,4.00,-23.00,0.00,0.00,1.34,0.00,0.1104,5.7735,-0.100,-0.049
334303,1,4.00,-25.00,-0.71,0.00,0.00,0.00,0.1121,5.7733,-0.103,-0.048
334353,1,5.00,-27.00,-0.87,0.00,-0.15,0.00,0.1119,5.7733,-0.111,-0.048
334403,1,5.00,-25.00,-1.03,0.00,-1.43,0.00,0.1067,5.7733,-0.115,-0.048
334453,1,3.00,-12.00,-0.96,0.00,-1.16,0.00,0.0977,5.7733,-0.108,-0.049
334503,1,1.00,-5.00,-0.96,0.00,-1.16,0.00,0.0977,5.7733,-0.108,-0.049
334553,1,0.00,5.00,0.00,0.00,0.03,0.00,0.0914,5.7733,-0.108,-0.048
334603,1,0.00,10.00,0.00,0.00,0.03,0.00,0.0914,5.7733,-0.108,-0.048
334653,1,1.00,17.00,0.00,1.46,0.00,0.00,0.0885,5.7733,-0.098,-0.040
334703,1,2.00,20.00,0.00,2.24,0.00,0.00,0.0885,5.7733,-0.098,-0.020
334753,1,3.00,26.00,0.00,3.56,0.00,1.71,0.0885,5.7839,-0.098,0.005
334803,1,1.00,26.00,0.00,3.90,0.00,3.78,0.0885,5.7954,-0.098,0.006
334853,1,3.00,25.00,0.00,4.21,-0.82,3.48,0.0883,5.8213,-0.094,0.016
334903,1,5.00,23.00,-0.78,4.09,0.06,4.24,0.0872,5.8345,-0.092,0.017
334953,1,8.00,22.00,-1.37,3.90,-0.52,4.61,0.0814,5.8663,-0.094,0.002
335003,1,6.00,21.00,-1.46,3.73,-2.11,3.39,0.0714,5.8941,-0.092,-0.003
335053,1,6.00,20.00,-1.42,3.60,-2.38,3.57,0.0622,5.9064,-0.076,0.002
335103,1,2.00,20.00,-0.92,3.39,-0.98,3.78,0.0498,5.9313,-0.062,-0.006
335153,1,-1.00,21.00,0.00,3.46,-0.64,3.78,0.0448,5.9444,-0.056,-0.010
335203,1,-3.00,24.00,0.00,3.71,0.03,3.02,0.0417,5.9586,-0.046,-0.010
335253,1,-8.00,27.00,1.01,4.23,-0.76,3.72,0.0377,5.9825,-0.032,0.002
335303,1,-7.00,29.00,1.21,4.51,0.21,4.21,0.0379,5.9961,-0.019,0.004
335353,1,-12.00,29.00,2.06,4.78,1.19,4.79,0.0409,6.0289,0.007,0.003
335403,1,-13.00,30.00,2.40,4.91,2.32,4.12,0.0467,6.0446,0.011,0.008
335453,1,-11.00,22.00,2.61,4.64,2.08,4.24,0.0542,6.0609,0.018,0.017
335503,1,-8.00,20.00,2.28,4.14,2.17,4.85,0.0693,6.0920,0.027,0.014
335553,1,0.00,19.00,1.06,3.60,1.19,3.78,0.0804,6.1219,0.037,0.009
335603,1,1.00,17.00,0.00,3.31,1.01,3.88,0.0852,6.1348,0.031,0.006
335653,1,8.00,16.00,-0.76,2.93,-0.92,2.69,0.0866,6.1595,0.030,-0.001
335703,1,13.00,14.00,-1.62,2.71,0.00,3.14,0.0856,6.1701,0.018,-0.005
335753,1,15.00,14.00,-2.68,2.50,-1.95,2.35,0.0758,6.1888,0.006,-0.004
335803,1,19.00,16.00,-3.32,2.59,-2.41,2.72,0.0682,6.1973,0.001,-0.005
335853,1,22.00,20.00,-4.21,3.07,-4.64,2.99,0.0421,6.2172,0.011,-0.008
335903,1,21.00,20.00,-4.42,3.20,-4.15,2.87,0.0262,6.2278,0.015,-0.009
335953,1,10.00,18.00,-3.40,3.23,-3.94,3.17,6.2805,6.2506,0.008,-0.008
336003,1,4.00,20.00,-2.41,3.30,-3.91,2.75,6.2665,6.2606,0.020,-0.002
336053,1,-5.00,23.00,0.00,3.65,-1.74,3.66,6.2422,0.0000,0.062,0.000
336103,1,-13.00,26.00,1.00,3.96,0.00,3.17,6.2391,0.0127,0.071,0.000
336153,1,-20.00,31.00,2.22,4.28,-0.03,3.72,6.2395,0.0268,0.086,0.005
336203,1,-22.00,36.00,3.30,5.02,1.68,3.81,6.2433,0.0524,0.128,0.015
336253,1,-25.00,42.00,4.67,6.30,4.58,6.74,6.2661,0.0954,0.135,-0.005
336303,1,-23.00,44.00,4.87,6.77,5.13,5.74,6.2830,0.1180,0.132,-0.004
336353,1,-11.00,33.00,3.71,6.27,3.97,7.35,0.0337,0.1679,0.132,-0.016
336403,1,-5.00,26.00,2.68,5.52,3.48,5.52,0.0452,0.1897,0.136,-0.012
