60953,1,-2.00,-1.00,0.00,0.00,0.00,0.00,6.2663,5.9365,-0.016,-0.021
61003,1,-2.00,-1.00,0.00,0.00,0.00,0.00,6.2663,5.9365,-0.016,-0.022
61053,1,-2.00,-1.00,0.00,0.00,0.00,0.00,6.2663,5.9365,-0.016,-0.021
61103,1,-2.00,-1.00,0.00,0.00,0.00,0.00,6.2663,5.9365,-0.016,-0.021
61153,1,-2.00,-1.00,0.00,0.00,0.00,0.00,6.2663,5.9365,-0.016,-0.021
61203,1,-2.00,-1.00,0.00,0.00,0.00,0.00,6.2663,5.9365,-0.016,-0.021
61253,1,-2.00,-1.00,0.00,0.00,0.00,0.00,6.2663,5.9365,-0.016,-0.021
61303,1,-2.00,-1.00,0.00,0.00,0.00,0.00,6.2663,5.9365,-0.016,-0.021
61353,1,-2.00,-1.00,0.00,0.00,0.00,0.00,6.2663,5.9365,-0.016,-0.021
61403,1,-2.00,-1.00,0.00,0.00,0.00,0.00,6.2663,5.9365,-0.016,-0.021
61453,1,-2.00,-1.00,0.00,0.00,0.00,0.00,6.2663,5.9365,-0.016,-0.021
61503,1,-2.00,-1.00,0.00,0.00,0.00,0.00,6.2663,5.9365,-0.016,-0.021
61553,1,-2.00,-1.00,0.00,0.00,0.00,0.00,6.2663,5.9365,-0.016,-0.022
61603,1,-2.00,-1.00,0.00,0.00,0.00,0.00,6.2663,5.9365,-0.016,-0.021
61653,1,-2.00,-1.00,0.00,0.00,0.00,0.00,6.2663,5.9365,-0.016,-0.021
61703,1,-2.00,-1.00,0.00,0.00,0.00,0.00,6.2663,5.9365,-0.016,-0.021
61753,1,-2.00,-1.00,0.00,0.00,0.00,0.00,6.2663,5.9365,-0.016,-0.021
61803,1,-2.00,-1.00,0.00,0.00,-1.40,0.00,6.2678,5.9367,-0.021,-0.022
61853,1,-2.00,-1.00,0.00,0.00,0.00,0.00,6.2669,5.9367,-0.018,-0.022
61903,1,-5.00,-1.00,0.54,0.00,0.00,0.00,6.2663,5.9367,-0.016,-0.022
61953,1,-9.00,-1.00,0.92,0.00,0.00,0.00,6.2659,5.9367,-0.006,-0.022
62003,1,-22.00,-3.00,2.33,0.00,0.40,0.00,6.2686,5.9367,0.013,-0.022
62053,1,-23.00,-4.00,2.93,-0.37,1.86,0.00,6.2736,5.9367,0.026,-0.022
62103,1,-34.00,-5.00,4.57,-0.55,4.21,0.00,0.0143,5.9367,0.022,-0.034
62153,1,-37.00,-5.00,5.20,-0.61,4.49,-0.18,0.0306,5.9363,0.022,-0.037
62203,1,-40.00,-5.00,5.77,-0.65,5.62,-0.82,0.0626,5.9348,0.039,-0.045
62253,1,-42.00,-6.00,6.24,-0.72,6.99,-1.50,0.0856,5.9323,0.026,-0.047
62303,1,-47.00,-7.00,7.16,-0.89,5.49,-0.03,0.1274,5.9292,0.045,-0.056
62353,1,-50.00,-6.00,7.58,-0.87,6.99,-1.25,0.1491,5.9254,0.052,-0.052
62403,1,-50.00,-5.00,7.83,-0.80,8.45,-1.19,0.2095,5.9189,0.025,-0.053
62453,1,-49.00,-6.00,7.91,-0.82,8.55,-0.73,0.2388,5.9162,0.019,-0.049
62503,1,-39.00,0.00,7.17,-0.33,6.99,-1.16,0.2916,5.9116,0.030,-0.049
62553,1,-33.00,2.00,6.48,0.00,6.04,-1.13,0.3144,5.9106,0.038,-0.053
62603,1,-26.00,6.00,5.26,0.41,4.76,0.00,0.3550,5.9106,0.049,-0.052
62653,1,-28.00,5.00,5.03,0.52,4.82,0.00,0.3721,5.9106,0.053,-0.045
62703,1,-26.00,4.00,4.60,0.55,5.22,0.00,0.4085,5.9106,0.046,-0.031
62753,1,-22.00,7.00,4.23,0.72,6.16,1.34,0.4308,5.9120,0.028,-0.028
62803,1,-3.00,8.00,2.22,0.98,2.84,0.00,0.4660,5.9144,-0.001,-0.016
62853,1,7.00,8.00,0.93,1.03,0.70,1.34,0.4707,5.9173,0.011,-0.012
62903,1,15.00,8.00,-0.35,1.07,1.56,0.55,0.4728,5.9202,0.015,-0.015
62953,1,21.00,7.00,-2.18,1.05,0.00,0.15,0.4726,5.9271,-0.011,-0.010
63003,1,24.00,6.00,-2.83,0.96,-1.53,1.31,0.4693,5.9311,-0.028,-0.011
63053,1,19.00,3.00,-3.07,0.68,-3.78,1.46,0.4469,5.9378,-0.019,-0.012
63103,1,14.00,3.00,-2.75,0.58,-2.78,-0.03,0.4346,5.9400,-0.016,-0.010
63153,1,0.00,-1.00,-1.23,0.00,-3.66,0.00,0.4133,5.9430,0.007,-0.010
63203,1,-1.00,-2.00,-0.70,0.00,-1.68,0.00,0.4035,5.9436,0.021,-0.013
63253,1,-3.00,-4.00,0.00,-0.33,0.58,0.00,0.4070,5.9436,-0.003,-0.013
63303,1,6.00,-3.00,0.00,-0.37,0.00,0.00,0.4089,5.9436,-0.006,-0.018
63353,1,38.00,0.00,-3.60,0.00,-0.92,0.00,0.4045,5.9436,-0.014,-0.022
63403,1,49.00,-1.00,-5.42,0.00,-3.14,0.00,0.3966,5.9436,-0.032,-0.022
63453,1,74.00,0.00,-9.17,0.00,-8.33,0.00,0.3564,5.9436,-0.044,-0.022
63503,1,87.00,-1.00,-11.17,0.00,-9.77,0.00,0.3236,5.9436,-0.043,-0.021
63553,1,109.00,-3.00,-15.03,0.00,-12.45,0.00,0.2406,5.9438,-0.059,-0.023
63603,1,115.00,-4.00,-16.48,-0.39,-15.84,0.00,0.1897,5.9438,-0.059,-0.022
63653,1,115.00,-4.00,-17.91,-0.50,-17.58,-0.09,0.0590,5.9432,-0.047,-0.031
63703,1,107.00,-3.00,-17.65,-0.47,-17.27,-0.58,6.2790,5.9426,-0.048,-0.034
63753,1,85.00,2.00,-16.58,0.00,-17.58,-1.37,6.2243,5.9417,-0.051,-0.039
63803,1,62.00,2.00,-14.58,0.00,-16.54,0.00,6.0939,5.9417,-0.017,-0.038
63853,1,46.00,2.00,-12.58,0.00,-14.59,0.00,6.0456,5.9417,-0.005,-0.038
63903,1,10.00,2.00,-8.58,0.00,-9.22,0.00,5.9582,5.9417,-0.044,-0.038
63953,1,-2.00,1.00,-6.58,0.00,-9.13,0.00,5.9258,5.9417,-0.030,-0.038
64003,1,-24.00,-3.00,-2.58,0.00,-3.17,0.00,5.8796,5.9417,-0.008,-0.037
64053,1,-34.00,-3.00,-0.58,0.00,-0.64,0.00,5.8738,5.9417,-0.019,-0.037
64103,1,-46.00,-6.00,1.42,-0.48,0.00,0.00,5.8744,5.9417,-0.034,-0.037
64153,1,-46.00,-6.00,3.42,-0.63,0.00,0.00,5.8744,5.9417,-0.011,-0.044
64203,1,-46.00,-6.00,6.91,-0.76,4.97,-1.46,5.8909,5.9375,0.043,-0.046
64253,1,-46.00,-6.00,7.21,-0.79,7.60,0.06,5.9139,5.9353,0.047,-0.049
64303,1,-36.00,-2.00,6.61,-0.53,7.23,-0.49,5.9770,5.9304,0.013,-0.051
64353,1,-26.00,1.00,5.68,0.00,6.01,-0.03,6.0004,5.9290,0.017,-0.051
64403,1,-19.00,3.00,4.68,0.00,5.46,0.00,6.0188,5.9284,0.023,-0.049
64453,1,-3.00,4.00,2.42,0.36,3.42,0.00,6.0477,5.9284,0.027,-0.049
64503,1,0.00,5.00,1.52,0.50,2.01,0.00,6.0579,5.9284,0.022,-0.044
64553,1,9.00,6.00,0.00,0.72,0.00,0.00,6.0688,5.9284,0.009,-0.028
64603,1,10.00,7.00,-0.86,0.82,-0.18,0.00,6.0682,5.9302,0.013,-0.026
64653,1,7.00,6.00,-1.16,0.87,0.00,0.95,6.0663,5.9336,-0.012,-0.018
64703,1,3.00,6.00,-0.90,0.86,0.00,0.92,6.0665,5.9363,-0.028,-0.017
64753,1,-6.00,2.00,0.00,0.68,-1.28,0.21,6.0634,5.9388,-0.025,-0.014
64803,1,-18.00,0.00,0.93,0.41,0.00,0.12,6.0615,5.9432,-0.019,-0.012
64853,1,-48.00,-8.00,4.84,-0.40,0.00,0.00,6.0650,5.9447,0.026,-0.012
64903,1,-68.00,-12.00,6.84,-0.92,2.78,0.00,6.0694,5.9447,0.072,-0.019
64953,1,-92.00,-18.00,8.84,-1.56,7.63,0.00,6.0893,5.9447,0.083,-0.032
65003,1,-142.00,-34.00,12.84,-3.34,10.41,-2.14,6.1624,5.9348,0.086,-0.047
65053,0,-142.00,-34.00,0.00,0.00,8.42,0.00,6.2266,5.9252,-0.040,-0.047
65103,0,-142.00,-34.00,0.00,0.00,-4.67,0.00,6.2303,5.9250,-0.020,-0.045
65153,1,-144.00,-28.00,2.00,-1.50,-1.98,0.00,6.2186,5.9248,0.014,-0.045
65203,1,-142.00,-26.00,6.00,-3.77,4.73,-2.75,6.2343,5.9106,0.028,-0.052
65253,1,-145.00,-26.00,8.00,-3.72,5.86,-3.20,6.2575,5.8951,0.040,-0.054
65303,1,-133.00,-15.00,12.00,-2.95,8.76,-3.97,6.2828,5.8836,0.048,-0.059
65353,1,-129.00,-10.00,14.00,-2.33,13.06,-3.36,0.0818,5.8567,0.036,-0.045
65403,1,-116.00,0.00,16.00,-1.39,14.19,-2.84,0.1305,5.8470,0.038,-0.037
65453,1,-102.00,8.00,18.00,-0.38,16.85,-1.04,0.1943,5.8412,0.046,-0.037
65503,1,-63.00,24.00,14.85,1.72,16.97,0.00,0.3506,5.8385,0.024,-0.026
65553,1,-44.00,31.00,12.85,2.77,14.28,1.01,0.4060,5.8406,0.018,-0.008
65603,1,-6.00,34.00,8.85,3.98,9.92,3.57,0.4906,5.8592,0.017,0.001
65653,1,6.00,34.00,6.85,4.29,7.87,4.82,0.5215,5.8751,0.019,-0.006
65703,1,31.00,28.00,-1.84,4.19,0.00,3.51,0.5550,5.9058,-0.018,-0.002
65753,1,39.00,23.00,-3.69,3.80,-3.42,4.12,0.5485,5.9198,-0.014,0.000
65803,1,50.00,10.00,-5.34,3.28,-3.57,4.55,0.5335,5.9365,-0.017,-0.009
65853,1,46.00,8.00,-5.34,3.28,-3.57,4.55,0.5335,5.9365,-0.017,-0.009
65903,1,40.00,-2.00,-6.31,1.10,-6.07,1.68,0.4626,5.9756,-0.031,-0.000
65953,1,35.00,-8.00,-6.09,0.00,-5.43,0.21,0.4421,5.9789,-0.038,0.002
66003,1,16.00,-13.00,-4.70,-0.60,-6.96,0.00,0.3955,5.9791,-0.027,-0.002
66053,1,16.00,-14.00,-3.92,-1.15,-5.01,0.00,0.3736,5.9793,-0.011,-0.013
66103,1,-1.00,-15.00,-1.66,-1.72,-1.98,-1.10,0.3521,5.9766,-0.017,-0.034
66153,1,-7.00,-15.00,-1.66,-1.72,-1.98,-1.10,0.3521,5.9766,-0.017,-0.034
66203,1,-11.00,-13.00,0.00,-1.85,-1.31,-1.53,0.3374,5.9633,-0.000,-0.053
66253,1,-13.00,-13.00,1.18,-1.84,0.00,-1.83,0.3355,5.9584,0.003,-0.056
66303,1,-15.00,-9.00,1.97,-1.57,1.19,-2.01,0.3401,5.9451,0.026,-0.057
66353,1,-12.00,-7.00,1.99,-1.33,2.32,-1.71,0.3466,5.9394,0.028,-0.058
66403,1,-3.00,-1.00,1.20,-0.67,1.50,-1.07,0.3562,5.9311,0.040,-0.058
66453,1,2.00,0.00,0.63,-0.40,1.53,0.06,0.3592,5.9290,0.043,-0.057
66503,1,18.00,5.00,-1.39,0.00,1.37,0.00,0.3656,5.9269,0.026,-0.054
66553,1,27.00,7.00,-1.39,0.00,1.37,0.00,0.3656,5.9269,0.026,-0.054
66603,1,51.00,8.00,-5.39,0.74,-2.14,0.00,0.3581,5.9269,-0.031,-0.053
66653,1,64.00,7.00,-7.39,0.83,-5.28,0.00,0.3435,5.9269,-0.046,-0.035
66703,1,76.00,7.00,-9.39,0.89,-8.30,0.43,0.3184,5.9286,-0.044,-0.034
66753,1,90.00,6.00,-12.61,0.83,-11.51,1.50,0.2461,5.9315,-0.047,-0.021
66803,1,93.00,5.00,-13.61,0.77,-13.00,0.00,0.2020,5.9338,-0.048,-0.017
66853,1,85.00,3.00,-13.97,0.58,-13.86,0.58,0.1015,5.9384,-0.049,-0.019
66903,1,79.00,3.00,-13.50,0.52,-14.95,0.37,0.0513,5.9403,-0.040,-0.018
66953,1,58.00,4.00,-11.30,0.54,-12.45,1.28,6.2393,5.9440,-0.030,-0.019
67003,1,42.00,3.00,-9.49,0.49,-11.57,1.50,6.1986,5.9455,-0.024,-0.014
67053,1,17.00,2.00,-5.68,0.39,-6.87,1.25,6.1323,5.9490,-0.005,-0.018
67103,1,7.00,0.00,-3.91,0.00,-4.27,0.64,6.1137,5.9499,-0.011,-0.018
67153,1,-12.00,-3.00,-2.13,0.00,-2.44,0.00,6.1027,5.9503,-0.020,-0.016
67203,1,-17.00,-4.00,-2.13,0.00,-2.44,0.00,6.1027,5.9503,-0.020,-0.016
67253,1,-23.00,-5.00,0.00,0.00,-1.68,0.00,6.0843,5.9505,-0.033,-0.017
67303,1,-22.00,-5.00,1.58,-0.44,0.00,0.00,6.0805,5.9505,-0.016,-0.017
67353,1,-25.00,-6.00,3.14,-0.66,0.70,0.00,6.0863,5.9505,0.019,-0.031
67403,1,-25.00,-6.00,3.56,-0.73,2.11,0.00,6.0928,5.9505,0.035,-0.040
67453,1,-24.00,-5.00,3.93,-0.75,4.43,0.00,6.1190,5.9472,0.034,-0.049
67503,1,-23.00,-5.00,3.91,-0.73,3.91,0.00,6.1330,5.9449,0.029,-0.049
67553,1,-10.00,-3.00,2.64,-0.56,2.66,0.00,6.1593,5.9413,0.025,-0.052
67603,1,-9.00,-2.00,2.24,-0.45,2.53,-0.85,6.1678,5.9398,0.027,-0.049
67653,1,-1.00,1.00,1.13,0.00,1.13,-1.22,6.1775,5.9375,0.040,-0.051
67703,1,0.00,1.00,0.76,0.00,0.76,0.00,6.1804,5.9371,0.043,-0.052
67753,1,-2.00,1.00,0.00,0.00,1.22,0.00,6.1890,5.9371,0.021,-0.052
67803,1,-4.00,0.00,0.53,0.00,0.00,0.00,6.1896,5.9371,0.019,-0.052
67853,1,-5.00,2.00,0.68,0.00,0.00,0.00,6.1898,5.9371,0.034,-0.052
67903,1,-14.00,-1.00,1.36,0.00,1.68,0.00,6.1919,5.9371,0.032,-0.051
67953,1,-23.00,-1.00,2.72,0.00,1.83,0.00,6.2030,5.9371,0.036,-0.052
68003,1,-33.00,-2.00,3.86,0.00,2.99,0.00,6.2119,5.9371,0.038,-0.051
68053,1,-41.00,-5.00,5.57,-0.43,5.55,0.00,6.2435,5.9371,0.033,-0.052
68103,1,-49.00,-5.00,6.58,-0.54,5.98,0.00,6.2613,5.9371,0.031,-0.058
68153,1,-50.00,-6.00,7.55,-0.70,7.02,0.00,0.0273,5.9321,0.035,-0.054
68203,1,-51.00,-6.00,7.87,-0.76,7.26,-0.03,0.0492,5.9306,0.044,-0.058
68253,1,-51.00,-5.00,8.00,-0.68,8.97,-1.50,0.0779,5.9283,0.033,-0.058
68303,1,-51.00,-5.00,8.15,-0.69,7.81,-0.15,0.1360,5.9237,0.027,-0.056
68353,1,-48.00,0.00,8.01,-0.31,8.73,0.00,0.1938,5.9183,0.024,-0.054
68403,1,-46.00,-1.00,7.82,0.00,7.26,-0.24,0.2214,5.9177,0.027,-0.052
68453,1,-42.00,3.00,7.65,0.00,7.17,0.00,0.2459,5.9175,0.036,-0.053
68503,1,-40.00,2.00,7.21,0.00,8.85,0.00,0.2985,5.9169,0.036,-0.051
68553,1,-35.00,3.00,6.45,0.00,5.16,0.00,0.3518,5.9167,0.037,-0.050
68603,1,-29.00,5.00,5.79,0.44,5.13,0.00,0.3694,5.9167,0.054,-0.050
68653,1,-31.00,3.00,5.39,0.43,6.41,0.00,0.4112,5.9167,0.042,-0.038
68703,1,-25.00,5.00,4.89,0.54,7.05,0.00,0.4344,5.9167,0.025,-0.033
68753,1,-19.00,6.00,4.21,0.66,5.71,1.53,0.4565,5.9169,0.008,-0.026
68803,1,-7.00,8.00,2.56,0.89,1.95,0.00,0.4825,5.9208,0.030,-0.019
68853,1,-2.00,7.00,1.73,0.92,2.87,1.56,0.4904,5.9233,0.030,-0.018
68903,1,2.00,7.00,0.00,0.99,1.53,0.58,0.5048,5.9290,0.013,-0.015
68953,1,7.00,6.00,0.00,0.93,0.00,1.22,0.5059,5.9321,0.008,-0.014
69003,1,9.00,4.00,-0.99,0.73,0.00,1.40,0.5052,5.9384,0.000,-0.014
69053,1,10.00,3.00,-1.26,0.60,-0.21,1.50,0.5038,5.9411,-0.006,-0.013
69103,1,8.00,2.00,-1.32,0.43,-1.34,-0.03,0.4973,5.9430,-0.016,-0.013
69153,1,8.00,0.00,-1.35,0.00,-0.67,0.00,0.4933,5.9465,-0.019,-0.013
69203,1,8.00,-1.00,-1.37,0.00,-1.10,0.00,0.4894,5.9467,-0.023,-0.014
69253,1,8.00,-2.00,-1.37,0.00,-1.59,0.00,0.4802,5.9467,-0.025,-0.015
69303,1,5.00,-2.00,-1.20,0.00,-1.62,0.00,0.4760,5.9469,-0.026,-0.015
69353,1,2.00,-2.00,-0.74,0.00,0.03,0.00,0.4664,5.9469,-0.018,-0.015
69403,1,2.00,-3.00,-0.64,-0.32,0.00,0.00,0.4660,5.9469,-0.027,-0.015
69453,1,2.00,-3.00,0.00,-0.32,-1.53,0.00,0.4651,5.9469,-0.030,-0.019
69503,1,2.00,-2.00,0.00,-0.30,-1.37,0.00,0.4636,5.9469,-0.021,-0.024
69553,1,7.00,-2.00,-0.81,-0.29,0.00,0.00,0.4628,5.9469,-0.030,-0.031
69603,1,10.00,0.00,-1.16,0.00,-1.50,0.00,0.4622,5.9469,-0.039,-0.035
69653,1,18.00,-2.00,-2.23,0.00,-1.01,0.00,0.4522,5.9469,-0.038,-0.034
69703,1,23.00,0.00,-2.89,0.00,-2.84,0.00,0.4448,5.9465,-0.040,-0.033
69753,1,27.00,0.00,-3.90,0.00,-5.04,0.00,0.4185,5.9465,-0.022,-0.033
69803,1,31.00,1.00,-4.42,0.00,-4.24,0.00,0.4014,5.9465,-0.012,-0.033
69853,1,30.00,0.00,-4.65,0.00,-3.75,0.00,0.3884,5.9465,-0.025,-0.033
69903,1,37.00,0.00,-5.12,0.00,-3.81,0.00,0.3738,5.9465,-0.043,-0.033
69953,1,41.00,1.00,-5.80,0.00,-6.23,0.00,0.3376,5.9465,-0.026,-0.033
70003,1,48.00,2.00,-7.00,0.00,-6.16,0.00,0.2925,5.9465,-0.020,-0.033
70053,1,47.00,1.00,-7.28,0.00,-6.81,0.00,0.2697,5.9465,-0.025,-0.032
70103,1,46.00,0.00,-7.53,0.00,-6.50,0.00,0.2212,5.9465,-0.045,-0.032
70153,1,46.00,2.00,-7.54,0.00,-8.06,0.00,0.1943,5.9465,-0.040,-0.032
70203,1,42.00,0.00,-7.29,0.00,-8.27,0.00,0.1374,5.9465,-0.029,-0.033
70253,1,37.00,1.00,-6.80,0.00,-7.02,0.00,0.1084,5.9465,-0.019,-0.033
70303,1,31.00,2.00,-5.81,0.00,-6.99,0.00,0.0655,5.9465,-0.028,-0.032
70353,1,27.00,2.00,-5.28,0.00,-6.41,0.00,0.0429,5.9465,-0.020,-0.033
70403,1,27.00,2.00,-4.98,0.00,-3.75,0.00,0.0208,5.9465,-0.035,-0.032
70453,1,28.00,1.00,-4.79,0.00,-5.43,0.00,6.2721,5.9465,-0.045,-0.033
70503,1,27.00,2.00,-4.68,0.00,-4.91,0.00,6.2485,5.9465,-0.035,-0.033
70553,1,31.00,2.00,-4.92,0.00,-4.58,0.00,6.2149,5.9465,-0.037,-0.033
70603,1,35.00,0.00,-5.28,0.00,-5.40,0.00,6.1977,5.9465,-0.036,-0.033
70653,1,31.00,2.00,-5.22,0.00,-6.01,0.00,6.1785,5.9465,-0.033,-0.033
70703,1,35.00,0.00,-5.20,0.00,-4.94,0.00,6.1549,5.9465,-0.029,-0.033
70753,1,28.00,0.00,-4.98,0.00,-5.10,0.00,6.1190,5.9465,-0.027,-0.033
70803,1,18.00,0.00,-3.89,0.00,-4.30,0.00,6.0824,5.9465,-0.018,-0.033
70853,1,12.00,0.00,-3.16,0.00,-3.02,0.00,6.0698,5.9465,-0.025,-0.032
70903,1,-1.00,0.00,-1.51,0.00,-2.59,0.00,6.0516,5.9465,-0.036,-0.032
70953,1,-2.00,-1.00,-1.51,0.00,-2.59,0.00,6.0516,5.9465,-0.036,-0.032
71003,1,-8.00,-2.00,0.00,0.00,-0.49,0.00,6.0353,5.9465,-0.022,-0.033
71053,1,-10.00,-3.00,0.79,0.00,0.00,0.00,6.0351,5.9465,-0.022,-0.033
71103,1,-11.00,-2.00,1.20,0.00,-0.03,0.00,6.0356,5.9465,-0.012,-0.032
71153,1,-12.00,-1.00,1.71,0.00,1.10,0.00,6.0389,5.9465,0.008,-0.033
71203,1,-12.00,-1.00,1.84,0.00,1.46,0.00,6.0433,5.9465,0.015,-0.033
71253,1,-10.00,-2.00,1.82,0.00,1.89,0.00,6.0542,5.9465,0.024,-0.033
71303,1,-8.00,-3.00,1.67,-0.31,1.43,0.00,6.0598,5.9465,0.027,-0.032
71353,1,-2.00,-3.00,1.06,-0.38,1.53,0.00,6.0715,5.9465,0.023,-0.042
71403,1,-3.00,-1.00,0.91,-0.28,0.18,0.00,6.0751,5.9446,0.023,-0.040
71453,1,-1.00,-1.00,0.00,0.00,1.53,0.00,6.0797,5.9446,0.028,-0.042
71503,1,-1.00,-1.00,0.00,0.00,0.00,0.00,6.0809,5.9446,0.022,-0.042
71553,1,3.00,-1.00,0.00,0.00,-0.03,0.06,6.0843,5.9440,0.009,-0.040
71603,1,3.00,-1.00,0.00,0.00,0.00,0.00,6.0849,5.9436,0.007,-0.039
71653,1,-3.00,-1.00,0.00,0.00,0.00,0.00,6.0838,5.9436,0.012,-0.039
71703,1,-11.00,-1.00,0.82,0.00,0.00,0.00,6.0838,5.9436,0.012,-0.038
71753,1,-30.00,-4.00,3.13,-0.34,0.37,0.00,6.0857,5.9436,0.041,-0.039
71803,1,-35.00,-6.00,4.21,-0.54,2.66,0.00,6.0932,5.9436,0.054,-0.044
71853,1,-43.00,-7.00,5.42,-0.72,4.85,-0.70,6.1073,5.9423,0.054,-0.043
71903,1,-55.00,-8.00,7.63,-0.98,6.68,-1.34,6.1578,5.9380,0.038,-0.051
71953,1,-56.00,-8.00,8.24,-1.03,7.32,-1.46,6.1827,5.9342,0.045,-0.050
72003,1,-53.00,-6.00,8.59,-0.98,8.97,-1.53,6.2425,5.9277,0.039,-0.054
72053,1,-51.00,-4.00,8.49,-0.81,9.74,-0.18,6.2755,5.9246,0.027,-0.053
72103,1,-48.00,-4.00,8.24,-0.71,7.93,-0.85,0.0373,5.9206,0.023,-0.051
72153,1,-33.00,2.00,7.69,-0.37,8.12,-1.50,0.0710,5.9175,0.023,-0.055
72203,1,-27.00,3.00,6.37,0.00,6.53,-1.53,0.1199,5.9150,0.030,-0.052
72253,1,-21.00,7.00,4.67,0.58,5.77,0.00,0.1640,5.9148,0.021,-0.046
72303,1,-16.00,8.00,3.89,0.79,4.39,0.00,0.1826,5.9148,0.016,-0.039
72353,1,-11.00,8.00,2.72,1.00,2.87,1.25,0.2062,5.9167,0.022,-0.025
72403,1,-10.00,7.00,2.35,0.99,2.56,0.43,0.2150,5.9194,0.025,-0.021
72453,1,-15.00,6.00,2.37,0.93,1.31,0.92,0.2298,5.9248,0.029,-0.016
72503,1,-18.00,5.00,2.66,0.84,2.72,0.95,0.2371,5.9279,0.033,-0.013
72553,1,-26.00,2.00,3.62,0.55,2.72,1.34,0.2557,5.9327,0.040,-0.013
72603,1,-30.00,0.00,4.18,0.33,3.66,0.00,0.2684,5.9344,0.038,-0.011
72653,1,-32.00,-1.00,4.64,0.00,4.06,0.03,0.2962,5.9367,0.044,-0.013
72703,1,-31.00,-1.00,4.85,0.00,4.55,0.00,0.3115,5.9369,0.047,-0.013
72753,1,-32.00,-4.00,5.15,-0.32,4.88,0.00,0.3474,5.9369,0.041,-0.014
72803,1,-32.00,-3.00,5.22,-0.36,5.37,0.00,0.3663,5.9369,0.036,-0.018
72853,1,-25.00,-2.00,4.63,-0.31,4.46,0.00,0.4020,5.9369,0.037,-0.027
72903,1,-18.00,-2.00,3.99,-0.30,4.76,0.00,0.4168,5.9369,0.040,-0.031
72953,1,-13.00,1.00,3.03,0.00,3.97,0.03,0.4498,5.9361,0.013,-0.031
73003,1,-7.00,-1.00,2.33,0.00,2.81,0.00,0.4616,5.9361,0.010,-0.030
73053,1,1.00,3.00,1.00,0.00,1.13,0.00,0.4718,5.9361,0.024,-0.030
73103,1,4.00,2.00,0.00,0.00,0.34,0.00,0.4749,5.9361,0.023,-0.031
73153,1,7.00,2.00,0.00,0.00,0.00,0.00,0.4768,5.9361,0.017,-0.031
73203,1,8.00,2.00,-0.74,0.00,0.00,0.00,0.4768,5.9361,0.016,-0.030
73253,1,9.00,2.00,-1.22,0.00,-0.18,0.00,0.4751,5.9361,-0.001,-0.031
73303,1,9.00,2.00,-1.22,0.00,-0.18,0.00,0.4751,5.9361,-0.001,-0.031
73353,1,9.00,2.00,-1.34,0.00,-0.27,0.00,0.4707,5.9361,-0.015,-0.031
73403,1,7.00,2.00,-1.33,0.00,-0.73,0.00,0.4637,5.9361,-0.028,-0.031
73453,1,6.00,2.00,-1.33,0.00,-0.73,0.00,0.4637,5.9361,-0.028,-0.031
73503,1,5.00,2.00,-1.07,0.00,-1.07,0.00,0.4513,5.9361,-0.029,-0.031
73553,1,4.00,2.00,-0.95,0.00,-0.55,0.00,0.4474,5.9361,-0.032,-0.030
73603,1,1.00,2.00,0.00,0.00,-0.92,0.00,0.4411,5.9361,-0.029,-0.030
73653,1,0.00,2.00,0.00,0.00,0.00,0.00,0.4394,5.9361,-0.023,-0.031
73703,1,-2.00,1.00,0.00,0.00,0.00,0.00,0.4394,5.9361,-0.023,-0.030
73753,1,-4.00,1.00,0.00,0.00,-1.31,0.00,0.4359,5.9361,-0.007,-0.031
73803,1,-1.00,0.00,0.00,0.00,0.00,0.00,0.4359,5.9361,-0.010,-0.031
73853,1,-2.00,1.00,0.00,0.00,-0.03,0.00,0.4363,5.9361,-0.013,-0.031
73903,1,12.00,3.00,-0.84,0.00,0.00,0.00,0.4367,5.9361,-0.013,-0.030
73953,1,18.00,4.00,-1.70,0.39,0.00,0.00,0.4361,5.9361,-0.025,-0.030
74003,1,22.00,3.00,-2.48,0.40,-0.82,0.00,0.4344,5.9361,-0.038,-0.025
74053,1,29.00,4.00,-3.89,0.47,-4.06,0.00,0.4170,5.9361,-0.044,-0.014
74103,1,34.00,3.00,-4.64,0.45,-5.43,0.46,0.3984,5.9375,-0.025,-0.017
74153,1,33.00,5.00,-5.18,0.54,-4.03,1.43,0.3594,5.9405,-0.015,-0.012
74203,1,31.00,3.00,-5.16,0.49,-4.52,-0.03,0.3441,5.9421,-0.025,-0.011
74253,1,28.00,3.00,-4.81,0.45,-5.37,0.00,0.3048,5.9455,-0.011,-0.012
74303,1,30.00,1.00,-4.89,0.32,-4.58,-0.03,0.2891,5.9472,-0.017,-0.013
74353,1,35.00,0.00,-5.26,0.00,-4.55,0.00,0.2580,5.9486,-0.031,-0.015
74403,1,38.00,1.00,-5.26,0.00,-4.55,0.00,0.2580,5.9486,-0.031,-0.015
74453,1,44.00,-1.00,-6.40,0.00,-6.56,0.00,0.2020,5.9486,-0.036,-0.015
74503,1,46.00,0.00,-6.87,0.00,-6.44,0.00,0.1792,5.9486,-0.036,-0.015
74553,1,49.00,-1.00,-7.59,0.00,-7.39,0.00,0.1263,5.9486,-0.034,-0.015
74603,1,48.00,-1.00,-7.70,0.00,-7.51,0.00,0.0990,5.9486,-0.031,-0.015
74653,1,47.00,0.00,-7.82,0.00,-8.30,0.00,0.0448,5.9486,-0.031,-0.015
74703,1,48.00,-1.00,-7.85,0.00,-7.51,0.00,0.0162,5.9486,-0.029,-0.015
74753,1,43.00,0.00,-7.53,0.00,-8.24,0.00,6.2460,5.9486,-0.034,-0.015
74803,1,43.00,0.00,-7.35,0.00,-7.90,0.00,6.2186,5.9486,-0.031,-0.015
74853,1,45.00,-1.00,-7.38,0.00,-7.75,0.00,6.1934,5.9486,-0.031,-0.015
74903,1,50.00,-1.00,-7.80,0.00,-7.05,0.00,6.1388,5.9486,-0.030,-0.015
74953,1,52.00,1.00,-8.10,0.00,-7.32,0.00,6.1144,5.9486,-0.039,-0.015
75003,1,52.00,1.00,-8.40,0.00,-8.39,0.00,6.0562,5.9486,-0.038,-0.014
75053,1,50.00,1.00,-8.32,0.00,-8.33,0.00,6.0276,5.9486,-0.041,-0.014
75103,1,39.00,1.00,-7.35,0.00,-8.48,0.00,5.9724,5.9486,-0.046,-0.015
75153,1,34.00,-1.00,-6.65,0.00,-8.00,0.00,5.9446,5.9486,-0.036,-0.015
75203,1,18.00,-1.00,-5.78,0.00,-7.05,0.00,5.9150,5.9486,-0.025,-0.014
75253,1,9.00,0.00,-4.06,0.00,-4.43,0.00,5.8774,5.9486,-0.036,-0.015
75303,1,-1.00,-1.00,-1.66,0.00,-2.29,0.00,5.8539,5.9486,-0.037,-0.014
75353,1,-6.00,-2.00,-0.67,0.00,-2.01,0.00,5.8479,5.9486,-0.034,-0.015
75403,1,-14.00,-2.00,1.12,0.00,0.00,0.00,5.8441,5.9486,-0.027,-0.015
75453,1,-13.00,-2.00,1.52,0.00,0.00,0.00,5.8447,5.9486,-0.011,-0.015
75503,1,-14.00,-4.00,2.01,-0.45,0.58,0.00,5.8506,5.9486,0.007,-0.021
75553,1,-13.00,-4.00,2.09,-0.49,1.59,0.00,5.8562,5.9486,0.012,-0.026
75603,1,-14.00,-3.00,2.27,-0.41,1.86,0.00,5.8702,5.9486,0.015,-0.038
75653,1,-11.00,-1.00,2.14,-0.30,1.74,0.00,5.8765,5.9474,0.021,-0.038
75703,1,-8.00,-2.00,1.72,-0.32,1.95,0.00,5.8882,5.9465,0.029,-0.043
75753,1,-4.00,-2.00,1.36,-0.31,2.04,0.00,5.8941,5.9455,0.027,-0.043
75803,1,0.00,-2.00,0.72,0.00,2.01,0.00,5.9047,5.9446,0.019,-0.043
75853,1,1.00,0.00,0.00,0.00,0.00,0.00,5.9106,5.9444,0.007,-0.042
75903,1,3.00,0.00,0.00,0.00,0.00,0.00,5.9100,5.9440,0.009,-0.040
75953,1,2.00,0.00,0.00,0.00,0.00,0.00,5.9104,5.9440,0.007,-0.041
